file,isn,business_key,rule,fields,outcome,message
NCCRUISE,44,2900,CR-04,CRUISE-STATUS,reject,CRUISE-STATUS 'X' outside domain '0'..'9'
NCCRUISE,45,2901,CR-04,CRUISE-STATUS,reject,CRUISE-STATUS ' ' outside domain '0'..'9'
NCCRUISE,46,2902,CR-03,ID-YACHT,flag,ID-YACHT 9999 has no NCYACHT.YACHT-ID
NCCUSTOMER,1,10000001,CR-05,SEX,flag,SEX blank; HCM Sex/Gender attribute needs a steward value
NCCUSTOMER,1,10000001,CR-06,EMAIL,flag,no EMAIL occurrence populated (login-by-email path unusable)
NCCUSTOMER,1,10000001,CR-08,ZIP-CODE,flag,address group entirely blank
NCCUSTOMER,1,10000001,CR-09,COUNTRY,flag,COUNTRY blank; HCM address needs a country code
NCCUSTOMER,1,10000001,CR-10,BIRTH-DATE,flag,BIRTH-DATE missing
NCCUSTOMER,1,10000001,CR-11,TIMESTAMP,flag,TIMESTAMP absent; optimistic-lock token missing
NCCUSTOMER,2,10000002,CR-05,SEX,flag,SEX blank; HCM Sex/Gender attribute needs a steward value
NCCUSTOMER,2,10000002,CR-06,EMAIL,flag,no EMAIL occurrence populated (login-by-email path unusable)
NCCUSTOMER,2,10000002,CR-08,ZIP-CODE,flag,address group entirely blank
NCCUSTOMER,2,10000002,CR-09,COUNTRY,flag,COUNTRY blank; HCM address needs a country code
NCCUSTOMER,2,10000002,CR-10,BIRTH-DATE,flag,BIRTH-DATE missing
NCCUSTOMER,2,10000002,CR-11,TIMESTAMP,flag,TIMESTAMP absent; optimistic-lock token missing
NCCUSTOMER,50,10000050,CR-12,PERSON-ID,flag,PERSON-ID 10000050 duplicated (3 records); survivor
NCCUSTOMER,203,10000050,CR-12,PERSON-ID,reject,PERSON-ID 10000050 duplicated; later occurrence (ISN 203)
NCCUSTOMER,204,10000050,CR-12,PERSON-ID,reject,PERSON-ID 10000050 duplicated; later occurrence (ISN 204)
NCCUSTOMER,205,10000301,CR-13,SURNAME;FIRST-NAME-OLD;FIRST-NAME-1,correct,FIRST-NAME-OLD blank; derived from FIRST-NAME-1 (adapter-written field)
NCCUSTOMER,206,10000302,CR-13,SURNAME;FIRST-NAME-OLD;FIRST-NAME-1,flag,FIRST-NAME-OLD 'Tom' differs from FIRST-NAME-1 'Thomas'
NCCUSTOMER,207,10000303,CR-13,SURNAME;FIRST-NAME-OLD;FIRST-NAME-1,flag,no first name in FIRST-NAME-OLD or FIRST-NAME-1
NCCUSTOMER,208,10000304,CR-13,SURNAME;FIRST-NAME-OLD;FIRST-NAME-1,reject,SURNAME blank; Person LastName is mandatory
NCCUSTOMER,209,10000311,CR-10,BIRTH-DATE,reject,BIRTH-DATE 19991340 is not a valid YYYYMMDD date
NCCUSTOMER,210,10000312,CR-10,BIRTH-DATE,reject,BIRTH-DATE 20301231 is in the future
NCCUSTOMER,211,10000313,CR-10,BIRTH-DATE,flag,BIRTH-DATE 19000101 implies age 126
NCCUSTOMER,212,10000314,CR-10,BIRTH-DATE,flag,BIRTH-DATE missing
NCCUSTOMER,213,10000321,CR-11,TIMESTAMP,flag,TIMESTAMP absent; optimistic-lock token missing
NCCUSTOMER,214,10000322,CR-11,TIMESTAMP,flag,TIMESTAMP absent; optimistic-lock token missing
NCCUSTOMER,215,10000331,CR-06,EMAIL,correct,EMAIL(1) blank but a later occurrence is populated; promoted
NCCUSTOMER,216,10000332,CR-06,EMAIL,correct,duplicate EMAIL occurrences removed
NCCUSTOMER,217,10000333,CR-06,EMAIL,flag,3 distinct EMAIL occurrences; only EMAIL(1) is read by code
NCCUSTOMER,218,10000334,CR-06,EMAIL,flag,EMAIL occurrence(s) without a valid address shape: ['not-an-address']
NCCUSTOMER,219,10000335,CR-06,EMAIL,flag,no EMAIL occurrence populated (login-by-email path unusable)
NCCUSTOMER,220,10000341,CR-07,PHONE;AREA-CODE;PHONE-NUMBER,flag,"3 PHONE occurrences; DDM documents 2 (private, company)"
NCCUSTOMER,221,10000342,CR-07,PHONE;AREA-CODE;PHONE-NUMBER,flag,PHONE(1) has AREA-CODE but no PHONE-NUMBER
NCCUSTOMER,222,10000343,CR-07,PHONE;AREA-CODE;PHONE-NUMBER,flag,PHONE(1).PHONE-NUMBER '12-34-AB' is not digits/spaces
NCCUSTOMER,223,10000351,CR-08,ZIP-CODE,correct,ZIP-CODE ' 12345 ' trimmed
NCCUSTOMER,224,10000352,CR-08,ZIP-CODE,flag,ZIP-CODE blank while other address fields are populated
NCCUSTOMER,225,10000353,CR-08,ZIP-CODE,flag,ZIP-CODE '??/12' outside expected alphanumeric shape
NCCUSTOMER,226,10000354,CR-09,COUNTRY,correct,COUNTRY 'deu' normalised to upper case
NCCUSTOMER,227,10000355,CR-09,COUNTRY,flag,COUNTRY 'Germany' is not a 3-letter code
NCCUSTOMER,228,10000356,CR-09,COUNTRY,flag,COUNTRY blank; HCM address needs a country code
NCCUSTOMER,229,10000361,CR-05,SEX,flag,SEX 'X' outside DDM-documented domain M/F
NCCONTRACT,51,500150,CR-14,CONTRACT-ID,flag,CONTRACT-ID 500150 duplicated; survivor
NCCONTRACT,302,500901,CR-01,ID-CUSTOMER,reject,ID-CUSTOMER 99999900 has no NCCUSTOMER.PERSON-ID
NCCONTRACT,303,500902,CR-01,ID-CUSTOMER,reject,ID-CUSTOMER 99999901 has no NCCUSTOMER.PERSON-ID
NCCONTRACT,304,500903,CR-01,ID-CUSTOMER,reject,ID-CUSTOMER 99999902 has no NCCUSTOMER.PERSON-ID
NCCONTRACT,305,500904,CR-01,ID-CUSTOMER,reject,ID-CUSTOMER 99999903 has no NCCUSTOMER.PERSON-ID
NCCONTRACT,306,500911,CR-02,ID-CRUISE,reject,ID-CRUISE 8800 has no NCCRUISE.CRUISE-ID
NCCONTRACT,307,500912,CR-02,ID-CRUISE,reject,ID-CRUISE 8801 has no NCCRUISE.CRUISE-ID
NCCONTRACT,308,500913,CR-02,ID-CRUISE,reject,ID-CRUISE 8802 has no NCCRUISE.CRUISE-ID
NCCONTRACT,309,500921,CR-01,ID-CUSTOMER,reject,ID-CUSTOMER 99999999 has no NCCUSTOMER.PERSON-ID
NCCONTRACT,309,500921,CR-02,ID-CRUISE,reject,ID-CRUISE 8899 has no NCCRUISE.CRUISE-ID
NCCONTRACT,310,500150,CR-14,CONTRACT-ID,reject,CONTRACT-ID 500150 duplicated; later occurrence (ISN 310)
NCCONTRACT,311,500931,CR-15,DATE-BOOKING,reject,DATE-BOOKING 20260231 is not a valid YYYYMMDD date
NCCONTRACT,312,500932,CR-15,DATE-BOOKING,flag,DATE-BOOKING 20271001 is after the as-of date
